ID,FileName,Title,StudyYear,SpecialtyId,DepartmentId,StudyFormId,StudyLevelId,StudyPeriod
6274,01 03 02_23_308.plx,01.03.02 Прикладная математика и информатика,2023-2024,364,14,1,2,4
6689,01.03.02_20_338.plx,01.03.02 Прикладная математика и информатика,2023-2024,364,14,1,2,4
6690,01.03.02_21_338.plx,01.03.02 Прикладная математика и информатика,2023-2024,364,14,1,2,4
6792,01.03.02_22_338.plx,01.03.02 Прикладная математика и информатика,2023-2024,364,14,1,2,4
6779,01.03.02_23_305.plx,01.03.02 Прикладная математика и информатика,2023-2024,364,5,1,2,4
6780,01.03.02_23_308.plx,01.03.02 Прикладная математика и информатика,2023-2024,364,14,1,2,4
6781,01.03.02_23_338.plx,01.03.02 Прикладная математика и информатика,2023-2024,364,14,1,2,4
6801,01.04.02_22_565.plx,01.04.02 Прикладная математика и информатика,2023-2024,401,5,1,3,2
6802,01.04.02_22_567с.plx,01.04.02 Прикладная математика и информатика,2023-2024,401,6,1,3,2
6803,01.04.02_22_567с1.plx,01.04.02 Прикладная математика и информатика,2023-2024,401,6,1,3,2
6824,01.04.02_23_565.plx,01.04.02 Прикладная математика и информатика,2023-2024,401,5,1,3,2
6825,01.04.02_23_567с.plx,01.04.02 Прикладная математика и информатика,2023-2024,401,6,1,3,2
6826,01.04.02_23_567с1.plx,01.04.02 Прикладная математика и информатика,2023-2024,401,6,1,3,2
5637,04.03.02_22_350.plx,"04.03.02 Химия, физика и механика материалов",2023-2024,1804,31,1,2,4
5638,04.04.02_22_209.plx,"04.04.02 Химия, физика и механика материалов",2023-2024,1803,31,1,3,2
6709,09.03.01_19_930.plx,09.03.01 Информатика и вычислительная техника,2023-2024,1742,6,3,2,5
6710,09.03.01_19_984.plx,09.03.01 Информатика и вычислительная техника,2023-2024,1750,6,2,2,5
6691,09.03.01_20_331.plx,09.03.01 Информатика и вычислительная техника,2023-2024,352,24,1,2,4
6692,09.03.01_20_335.plx,09.03.01 Информатика и вычислительная техника,2023-2024,352,6,1,2,4
6711,09.03.01_20_930.plx,09.03.01 Информатика и вычислительная техника,2023-2024,1742,6,3,2,5
6712,09.03.01_20_984.plx,09.03.01 Информатика и вычислительная техника,2023-2024,1750,6,2,2,5
6693,09.03.01_21_330.plx,09.03.01 Информатика и вычислительная техника,2023-2024,352,24,1,2,4
6694,09.03.01_21_334.plx,09.03.01 Информатика и вычислительная техника,2023-2024,352,6,1,2,4
6713,09.03.01_21_930.plx,09.03.01 Информатика и вычислительная техника,2023-2024,1742,6,3,2,5
6714,09.03.01_21_984.plx,09.03.01 Информатика и вычислительная техника,2023-2024,1750,6,2,2,5
6793,09.03.01_22_330.plx,09.03.01 Информатика и вычислительная техника,2023-2024,352,24,1,2,4
6794,09.03.01_22_334.plx,09.03.01 Информатика и вычислительная техника,2023-2024,352,6,1,2,4
6847,09.03.01_22_930.plx,09.03.01 Информатика и вычислительная техника,2023-2024,1742,6,3,2,5
6854,09.03.01_22_984.plx,09.03.01 Информатика и вычислительная техника,2023-2024,1750,6,2,2,4
6782,09.03.01_23_330.plx,09.03.01 Информатика и вычислительная техника,2023-2024,352,24,1,2,4
6783,09.03.01_23_334.plx,09.03.01 Информатика и вычислительная техника,2023-2024,352,6,1,2,4
6852,09.03.01_23_984.plx,09.03.01 Информатика и вычислительная техника,2023-2024,1750,6,2,2,5
6715,09.03.02_19_939.plx,09.03.02 Информационные системы и технологии,2023-2024,1743,2,3,2,5
6695,09.03.02_20_333.plx,09.03.02 Информационные системы и технологии,2023-2024,359,2,1,2,4
6696,09.03.02_20_337.plx,09.03.02 Информационные системы и технологии,2023-2024,359,1,1,2,4
6716,09.03.02_20_939.plx,09.03.02 Информационные системы и технологии,2023-2024,1743,2,3,2,5
6697,09.03.02_21_333.plx,09.03.02 Информационные системы и технологии,2023-2024,359,2,1,2,4
6698,09.03.02_21_337.plx,09.03.02 Информационные системы и технологии,2023-2024,359,1,1,2,4
6717,09.03.02_21_939.plx,09.03.02 Информационные системы и технологии,2023-2024,1743,2,3,2,5
6795,09.03.02_22_333.plx,09.03.02 Информационные системы и технологии,2023-2024,359,2,1,2,4
6796,09.03.02_22_337.plx,09.03.02 Информационные системы и технологии,2023-2024,359,1,1,2,4
6848,09.03.02_22_939.plx,09.03.02 Информационные системы и технологии,2023-2024,1743,2,3,2,5
6784,09.03.02_23_333.plx,09.03.02 Информационные системы и технологии,2023-2024,359,2,1,2,4
6785,09.03.02_23_337.plx,09.03.02 Информационные системы и технологии,2023-2024,359,1,1,2,4
6699,09.03.04_20_332.plx,09.03.04 Программная инженерия,2023-2024,362,14,1,2,4
6700,09.03.04_21_332.plx,09.03.04 Программная инженерия,2023-2024,362,14,1,2,4
6797,09.03.04_22_332.plx,09.03.04 Программная инженерия,2023-2024,362,14,1,2,4
6786,09.03.04_23_332.plx,09.03.04 Программная инженерия,2023-2024,362,14,1,2,4
6804,09.04.01_22_500.plx,"09.04.01 Информатика и вычислительная техника
(Computer Systems Engineering and Informatics)",2023-2024,389,2,1,3,2
6805,09.04.01_22_571с.plx,09.04.01 Информатика и вычислительная техника,2023-2024,389,2,1,3,2
6806,09.04.01_22_571с1.plx,09.04.01 Информатика и вычислительная техника,2023-2024,389,2,1,3,2
6807,09.04.01_22_572.plx,09.04.01 Информатика и вычислительная техника,2023-2024,389,24,1,3,2
6808,09.04.01_22_574.plx,09.04.01 Информатика и вычислительная техника,2023-2024,389,24,1,3,2
6809,09.04.01_22_575с.plx,09.04.01 Информатика и вычислительная техника,2023-2024,389,6,1,3,2
6810,09.04.01_22_575с1.plx,09.04.01 Информатика и вычислительная техника,2023-2024,389,6,1,3,2
6811,09.04.01_22_577.plx,09.04.01 Информатика и вычислительная техника,2023-2024,389,6,1,3,2
6812,09.04.01_22_579.plx,09.04.01 Информатика и вычислительная техника,2023-2024,389,6,1,3,2
6492,09.04.01_23_278.plx,09.04.01 Информатика и вычислительная техника,2023-2024,389,6,1,3,2
6827,09.04.01_23_571с.plx,09.04.01 Информатика и вычислительная техника,2023-2024,389,2,1,3,2
6828,09.04.01_23_571с1.plx,09.04.01 Информатика и вычислительная техника,2023-2024,389,2,1,3,2
6829,09.04.01_23_572.plx,09.04.01 Информатика и вычислительная техника,2023-2024,389,24,1,3,2
6830,09.04.01_23_574.plx,09.04.01 Информатика и вычислительная техника,2023-2024,389,24,1,3,2
6831,09.04.01_23_575.plx,09.04.01 Информатика и вычислительная техника,2023-2024,389,6,1,3,2
6834,09.04.01_23_577.plx,09.04.01 Информатика и вычислительная техника,2023-2024,389,6,1,3,2
6835,09.04.01_23_579.plx,09.04.01 Информатика и вычислительная техника,2023-2024,389,6,1,3,2
6813,09.04.02_22_522.plx,09.04.02 Информационные системы и технологии,2023-2024,386,1,1,3,2
6814,09.04.02_22_524.plx,09.04.02 Информационные системы и технологии,2023-2024,386,2,1,3,2
6815,09.04.02_22_526.plx,09.04.02 Информационные системы и технологии,2023-2024,386,2,1,3,2
6490,09.04.02_23_520.plx,09.04.02 Информационные системы и технологии,2023-2024,386,2,1,3,2
6836,09.04.02_23_522.plx,09.04.02 Информационные системы и технологии,2023-2024,386,1,1,3,2
6837,09.04.02_23_524.plx,09.04.02 Информационные системы и технологии,2023-2024,386,2,1,3,2
6838,09.04.02_23_526.plx,09.04.02 Информационные системы и технологии,2023-2024,386,2,1,3,2
6816,09.04.04_22_552.plx,09.04.04 Программная инженерия,2023-2024,399,14,1,3,2
6817,09.04.04_22_554.plx,09.04.04 Программная инженерия,2023-2024,399,14,1,3,2
6818,09.04.04_22_556с1.plx,09.04.04 Программная инженерия,2023-2024,399,14,1,3,2
6819,09.04.04_22_556с2.plx,09.04.04 Программная инженерия,2023-2024,399,14,1,3,2
6820,09.04.04_22_556с3.plx,09.04.04 Программная инженерия,2023-2024,399,14,1,3,2
6821,09.04.04_22_556с4.plx,09.04.04 Программная инженерия,2023-2024,399,14,1,3,2
6839,09.04.04_23_552.plx,09.04.04 Программная инженерия,2023-2024,399,14,1,3,2
6840,09.04.04_23_554.plx,09.04.04 Программная инженерия,2023-2024,399,14,1,3,2
6841,09.04.04_23_556с1.plx,09.04.04 Программная инженерия,2023-2024,399,14,1,3,2
6842,09.04.04_23_556с2.plx,09.04.04 Программная инженерия,2023-2024,399,14,1,3,2
6843,09.04.04_23_556с3.plx,09.04.04 Программная инженерия,2023-2024,399,14,1,3,2
6844,09.04.04_23_556с4.plx,09.04.04 Программная инженерия,2023-2024,399,14,1,3,2
6704,10.05.01-18-833.plx,10.05.01 Компьютерная безопасность,2023-2024,370,58,1,1,5
6701,10.05.01_19_833.plx,"10.05.01 ""Компьютерная  безопасность""",2023-2024,370,58,1,1,5
6702,10.05.01_20_833.plx,"10.05.01 ""Компьютерная  безопасность""",2023-2024,370,58,1,1,5
6703,10.05.01_21_833.plx,10.05.01  КОМПЬЮТЕРНАЯ БЕЗОПАСНОСТЬ,2023-2024,370,58,1,1,5
6798,10.05.01_22_833.plx,10.05.01  КОМПЬЮТЕРНАЯ БЕЗОПАСНОСТЬ,2023-2024,370,58,1,1,5
6787,10.05.01_23_833.plx,10.05.01  КОМПЬЮТЕРНАЯ БЕЗОПАСНОСТЬ,2023-2024,370,58,1,1,5
6558,11.03.01_19_919.plx,11.03.01 Радиотехника,2023-2024,1734,27,3,2,5
6513,11.03.01_20_311.plx,11.03.01 Радиотехника,2023-2024,266,20,1,2,4
6514,11.03.01_20_314.plx,11.03.01 Радиотехника,2023-2024,266,28,1,2,4
6515,11.03.01_20_315.plx,11.03.01 Радиотехника,2023-2024,266,27,1,2,4
6516,11.03.01_21_315.plx,11.03.01 Радиотехника,2023-2024,266,27,1,2,4
6525,11.03.01_22_311.plx,11.03.01 Радиотехника,2023-2024,266,20,1,2,4
6526,11.03.01_22_314.plx,11.03.01 Радиотехника,2023-2024,266,28,1,2,4
6527,11.03.01_22_315.plx,11.03.01 Радиотехника,2023-2024,266,27,1,2,4
6877,11.03.01_23_310.plx,11.03.01 Радиотехника,2023-2024,266,20,1,2,4
6533,11.03.01_23_311.plx,11.03.01 Радиотехника,2023-2024,266,20,1,2,4
6534,11.03.01_23_314.plx,11.03.01 Радиотехника,2023-2024,266,28,1,2,4
6489,11.03.01_23_316.plx,11.03.01 Радиотехника,2023-2024,266,27,1,2,4
6517,11.03.02_20_317.plx,11.03.02 Инфокоммуникационные технологии и системы связи,2023-2024,267,20,1,2,4
6518,11.03.02_20_318.plx,11.03.02 Инфокоммуникационные технологии и системы связи,2023-2024,267,22,1,2,4
6528,11.03.02_22_317.plx,11.03.02 Инфокоммуникационные технологии и системы связи,2023-2024,267,20,1,2,4
6529,11.03.02_22_318.plx,11.03.02 Инфокоммуникационные технологии и системы связи,2023-2024,267,22,1,2,4
6535,11.03.02_23_317.plx,11.03.02 Инфокоммуникационные технологии и системы связи,2023-2024,267,20,1,2,4
6536,11.03.02_23_318.plx,11.03.02 Инфокоммуникационные технологии и системы связи,2023-2024,267,22,1,2,4
6519,11.03.03_20_312.plx,11.03.03 Конструирование и технология электронных средств,2023-2024,268,16,1,2,4
6520,11.03.03_20_313.plx,11.03.03 Конструирование и технология электронных средств,2023-2024,268,22,1,2,4
6530,11.03.03_22_312.plx,11.03.03 Конструирование и технология электронных средств,2023-2024,268,16,1,2,4
6531,11.03.03_22_313.plx,11.03.03 Конструирование и технология электронных средств,2023-2024,268,22,1,2,4
6537,11.03.03_23_312.plx,11.03.03 Конструирование и технология электронных средств,2023-2024,268,16,1,2,4
6538,11.03.03_23_313.plx,11.03.03 Конструирование и технология электронных средств,2023-2024,268,22,1,2,4
7149,11.03.03_23_319.plx,11.03.03 Конструирование и технология электронных средств,2023-2024,268,16,1,2,4
6666,11.03.04_19_922.plx,11.03.04 Электроника и наноэлектроника,2023-2024,1736,35,3,2,5
6667,11.03.04_19_988.plx,11.03.04 Электроника и наноэлектроника,2023-2024,1739,35,2,2,5
6619,11.03.04_20_321.plx,11.03.04 Электроника и наноэлектроника,2023-2024,306,48,1,2,4
6620,11.03.04_20_322.plx,11.03.04 Электроника и наноэлектроника,2023-2024,306,36,1,2,4
6621,11.03.04_20_323.plx,11.03.04 Электроника и наноэлектроника,2023-2024,306,21,1,2,4
6622,11.03.04_20_324.plx,11.03.04 Электроника и наноэлектроника,2023-2024,306,11,1,2,4
6623,11.03.04_20_325.plx,11.03.04 Электроника и наноэлектроника,2023-2024,306,17,1,2,4
6624,11.03.04_20_328.plx,11.03.04 Электроника и наноэлектроника,2023-2024,306,32,1,2,4
6626,11.03.04_22_321.plx,11.03.04 Электроника и наноэлектроника,2023-2024,306,48,1,2,4
6627,11.03.04_22_322.plx,11.03.04 Электроника и наноэлектроника,2023-2024,306,36,1,2,4
6628,11.03.04_22_323.plx,11.03.04 Электроника и наноэлектроника,2023-2024,306,21,1,2,4
6629,11.03.04_22_324.plx,11.03.04 Электроника и наноэлектроника,2023-2024,306,11,1,2,4
6630,11.03.04_22_325.plx,11.03.04 Электроника и наноэлектроника,2023-2024,306,17,1,2,4
6631,11.03.04_22_328.plx,11.03.04 Электроника и наноэлектроника,2023-2024,306,32,1,2,4
6669,11.03.04_22_988.plx,11.03.04 Электроника и наноэлектроника,2023-2024,1739,35,2,2,4
6338,11.03.04_23_320.plx,11.03.04 Электроника и наноэлектроника,2023-2024,306,36,1,2,4
6633,11.03.04_23_321.plx,11.03.04 Электроника и наноэлектроника,2023-2024,306,48,1,2,4
6634,11.03.04_23_322.plx,11.03.04 Электроника и наноэлектроника,2023-2024,306,36,1,2,4
6635,11.03.04_23_323.plx,11.03.04 Электроника и наноэлектроника,2023-2024,306,21,1,2,4
6636,11.03.04_23_324.plx,11.03.04 Электроника и наноэлектроника,2023-2024,306,11,1,2,4
6637,11.03.04_23_325.plx,11.03.04 Электроника и наноэлектроника,2023-2024,306,17,1,2,4
6638,11.03.04_23_328.plx,11.03.04 Электроника и наноэлектроника,2023-2024,306,32,1,2,4
6668,11.03.04_23_988.plx,11.03.04 Электроника и наноэлектроника,2023-2024,1739,35,2,2,5
6540,11.04.01_22_501.plx,11.04.01 Радиотехника,2023-2024,281,20,1,3,2
6541,11.04.01_22_502.plx,11.04.01 Радиотехника,2023-2024,281,20,1,3,2
6542,11.04.01_22_503.plx,11.04.01 Радиотехника,2023-2024,281,28,1,3,2
6543,11.04.01_22_504.plx,11.04.01 Радиотехника,2023-2024,281,27,1,3,2
6549,11.04.01_23_501.plx,11.04.01 Радиотехника,2023-2024,281,20,1,3,2
6550,11.04.01_23_502.plx,11.04.01 Радиотехника,2023-2024,281,20,1,3,2
6551,11.04.01_23_503.plx,11.04.01 Радиотехника,2023-2024,281,28,1,3,2
6552,11.04.01_23_504.plx,11.04.01 Радиотехника,2023-2024,281,27,1,3,2
6544,11.04.02_22_581.plx,11.04.02 Инфокоммуникационные технологии и системы связи,2023-2024,282,20,1,3,2
6545,11.04.02_22_582.plx,11.04.02 Инфокоммуникационные технологии и системы связи,2023-2024,282,20,1,3,2
6546,11.04.02_22_584.plx,11.04.02 Инфокоммуникационные технологии и системы связи,2023-2024,282,22,1,3,2
6553,11.04.02_23_581.plx,11.04.02 Инфокоммуникационные технологии и системы связи,2023-2024,282,20,1,3,2
6554,11.04.02_23_582.plx,11.04.02 Инфокоммуникационные технологии и системы связи,2023-2024,282,20,1,3,2
6555,11.04.02_23_584.plx,11.04.02 Инфокоммуникационные технологии и системы связи,2023-2024,282,22,1,3,2
6547,11.04.03_22_593.plx,11.04.03 Конструирование и технология электронных средств,2023-2024,283,16,1,3,2
6548,11.04.03_22_596.plx,11.04.03 Конструирование и технология электронных средств,2023-2024,283,22,1,3,2
6556,11.04.03_23_593.plx,11.04.03 Конструирование и технология электронных средств,2023-2024,283,16,1,3,2
6557,11.04.03_23_596.plx,11.04.03 Конструирование и технология электронных средств,2023-2024,283,22,1,3,2
6640,11.04.04_22_711.plx,11.04.04 Электроника и наноэлектроника,2023-2024,321,21,1,3,2
6641,11.04.04_22_712.plx,11.04.04 Электроника и наноэлектроника,2023-2024,321,36,1,3,2
6642,11.04.04_22_715.plx,11.04.04 Электроника и наноэлектроника,2023-2024,321,35,1,3,2
6643,11.04.04_22_717.plx,11.04.04 Электроника и наноэлектроника,2023-2024,321,32,1,3,2
6644,11.04.04_22_718.plx,11.04.04 Электроника и наноэлектроника,2023-2024,321,32,1,3,2
6645,11.04.04_22_722.plx,11.04.04 Электроника и наноэлектроника,2023-2024,321,17,1,3,2
6646,11.04.04_22_723.plx,11.04.04 Электроника и наноэлектроника,2023-2024,321,17,1,3,2
6647,11.04.04_22_731.plx,11.04.04 Электроника и наноэлектроника,2023-2024,321,48,1,3,2
6648,11.04.04_22_735.plx,11.04.04 Электроника и наноэлектроника,2023-2024,321,11,1,3,2
6649,11.04.04_22_736.plx,11.04.04 Электроника и наноэлектроника,2023-2024,321,11,1,3,2
6650,11.04.04_22_739.plx,"11.04.04 Электроника и наноэлектроника
(Electronics and Nanoelectronics)",2023-2024,321,11,1,3,2
6653,11.04.04_23_711.plx,11.04.04 Электроника и наноэлектроника,2023-2024,321,21,1,3,2
6654,11.04.04_23_712.plx,11.04.04 Электроника и наноэлектроника,2023-2024,321,36,1,3,2
6655,11.04.04_23_715.plx,11.04.04 Электроника и наноэлектроника,2023-2024,321,35,1,3,2
6656,11.04.04_23_717.plx,11.04.04 Электроника и наноэлектроника,2023-2024,321,32,1,3,2
6657,11.04.04_23_718.plx,11.04.04 Электроника и наноэлектроника,2023-2024,321,32,1,3,2
6658,11.04.04_23_722.plx,11.04.04 Электроника и наноэлектроника,2023-2024,321,17,1,3,2
6659,11.04.04_23_723.plx,11.04.04 Электроника и наноэлектроника,2023-2024,321,17,1,3,2
6000,11.04.04_23_727.plx,11.04.04 Электроника и наноэлектроника,2023-2024,321,32,1,3,2
6003,11.04.04_23_728.plx,11.04.04 Электроника и наноэлектроника,2023-2024,321,32,1,3,2
6491,11.04.04_23_729.plx,"11.04.04 Электроника и наноэлектроника
(Electronics and Nanoelectronics)",2023-2024,321,32,1,3,2
6660,11.04.04_23_731.plx,11.04.04 Электроника и наноэлектроника,2023-2024,321,48,1,3,2
6790,11.04.04_23_734.plx,"11.04.04 Электроника и наноэлектроника
(Electronics and Nanoelectronics)",2023-2024,321,32,1,3,2
6661,11.04.04_23_735.plx,11.04.04 Электроника и наноэлектроника,2023-2024,321,11,1,3,2
6662,11.04.04_23_736.plx,11.04.04 Электроника и наноэлектроника,2023-2024,321,11,1,3,2
7208,11.04.04_23_736р.plx,11.04.04 Электроника и наноэлектроника,2023-2024,321,11,1,3,2
6001,11.04.04_23_737.plx,11.04.04 Электроника и наноэлектроника,2023-2024,321,11,1,3,2
6791,11.04.04_23_738.plx,"11.04.04 Электроника и наноэлектроника
(Electronics and Nanoelectronics)",2023-2024,321,32,1,3,2
6663,11.04.04_23_739.plx,"11.04.04 Электроника и наноэлектроника
(Electronics and Nanoelectronics)",2023-2024,321,11,1,3,2
7207,11.05.01-16-818.plx,"11.05.01 Радиоэлектронные системы и комплексы""",2023-2024,269,28,1,1,5
7211,11.05.01-17-813.plx,11.05.01 Радиоэлектронные системы и комплексы,2023-2024,269,20,1,1,5
6881,11.05.01_18_813.plx,11.05.01 Радиоэлектронные системы и комплексы,2023-2024,269,20,1,1,5
6521,11.05.01_19_812.plx,11.05.01  Радиоэлектронные системы и комплексы,2023-2024,269,28,1,1,5
6522,11.05.01_20_819.plx,11.05.01  Радиоэлектронные системы и комплексы,2023-2024,269,22,1,1,5
6523,11.05.01_21_813.plx,11.05.01  Радиоэлектронные системы и комплексы,2023-2024,269,20,1,1,5
6532,11.05.01_22_812.plx,11.05.01  Радиоэлектронные системы и комплексы,2023-2024,269,28,1,1,5
6539,11.05.01_23_819.plx,11.05.01  Радиоэлектронные системы и комплексы,2023-2024,269,22,1,1,5
6724,12.03.01_20_353.plx,12.03.01 Приборостроение,2023-2024,296,34,1,2,4
6725,12.03.01_20_354.plx,12.03.01 Приборостроение,2023-2024,296,34,1,2,4
6726,12.03.01_20_355.plx,12.03.01 Приборостроение,2023-2024,296,13,1,2,4
6727,12.03.01_20_356.plx,12.03.01 Приборостроение,2023-2024,296,10,1,2,4
7210,12.03.01_21_356.plx,12.03.01 Приборостроение,2023-2024,296,10,1,2,4
6734,12.03.01_22_353.plx,12.03.01 Приборостроение,2023-2024,296,34,1,2,4
6735,12.03.01_22_354.plx,12.03.01 Приборостроение,2023-2024,296,34,1,2,4
6736,12.03.01_22_355.plx,12.03.01 Приборостроение,2023-2024,296,13,1,2,4
6737,12.03.01_22_356.plx,12.03.01 Приборостроение,2023-2024,296,10,1,2,4
6738,12.03.01_22_359.plx,12.03.01 Приборостроение,2023-2024,296,13,1,2,4
6879,12.03.01_23_352.plx,12.03.01 Приборостроение,2023-2024,296,34,1,2,4
6741,12.03.01_23_353.plx,12.03.01 Приборостроение,2023-2024,296,34,1,2,4
6778,12.03.01_23_354.plx,12.03.01 Приборостроение,2023-2024,296,34,1,2,4
6742,12.03.01_23_355.plx,12.03.01 Приборостроение,2023-2024,296,13,1,2,4
6743,12.03.01_23_356.plx,12.03.01 Приборостроение,2023-2024,296,10,1,2,4
6880,12.03.01_23_358.plx,12.03.01 Приборостроение,2023-2024,296,13,1,2,4
6889,12.03.01_23_359.plx,12.03.01 Приборостроение,2023-2024,296,13,1,2,4
6730,12.03.04_19_909.plx,12.03.04 Биотехнические системы и технологии,2023-2024,1759,3,3,2,5
6731,12.03.04_19_989.plx,12.03.04 Биотехнические системы и технологии,2023-2024,1762,3,2,2,5
6728,12.03.04_20_351.plx,12.03.04 Биотехнические системы и технологии,2023-2024,262,3,1,2,4
6739,12.03.04_22_351.plx,12.03.04 Биотехнические системы и технологии,2023-2024,262,3,1,2,4
7129,12.03.04_23_151.plx,12.03.04 Биотехнические системы и технологии,2023-2024,262,31,1,2,4
6745,12.03.04_23_351.plx,12.03.04 Биотехнические системы и технологии,2023-2024,262,3,1,2,4
6748,12.04.01_22_285.plx,12.04.01 Приборостроение,2023-2024,302,13,1,3,2
6749,12.04.01_22_782.plx,12.04.01 Приборостроение,2023-2024,302,34,1,3,2
6750,12.04.01_22_783.plx,12.04.01 Приборостроение,2023-2024,302,34,1,3,2
6751,12.04.01_22_784.plx,12.04.01 Приборостроение,2023-2024,302,13,1,3,2
6752,12.04.01_22_785.plx,12.04.01 Приборостроение,2023-2024,302,13,1,3,2
6753,12.04.01_22_786.plx,12.04.01 Приборостроение,2023-2024,302,10,1,3,2
6754,12.04.01_22_787.plx,12.04.01 Приборостроение,2023-2024,302,10,1,3,2
6755,12.04.01_22_789.plx,12.04.01 Приборостроение,2023-2024,302,13,1,3,2
6762,12.04.01_23_285.plx,12.04.01 Приборостроение,2023-2024,302,13,1,3,2
7150,12.04.01_23_285с.plx,12.04.01 Приборостроение,2023-2024,302,13,1,3,2
7151,12.04.01_23_286с.plx,12.04.01 Приборостроение,2023-2024,302,13,1,3,2
7147,12.04.01_23_782с.plx,12.04.01 Приборостроение,2023-2024,302,34,1,3,2
7163,12.04.01_23_782с1.plx,12.04.01 Приборостроение,2023-2024,302,34,1,3,2
6764,12.04.01_23_783.plx,12.04.01 Приборостроение,2023-2024,302,34,1,3,2
6765,12.04.01_23_784.plx,12.04.01 Приборостроение,2023-2024,302,13,1,3,2
6766,12.04.01_23_785.plx,12.04.01 Приборостроение,2023-2024,302,13,1,3,2
6767,12.04.01_23_786.plx,12.04.01 Приборостроение,2023-2024,302,10,1,3,2
6768,12.04.01_23_787.plx,12.04.01 Приборостроение,2023-2024,302,10,1,3,2
6769,12.04.01_23_789.plx,12.04.01 Приборостроение,2023-2024,302,13,1,3,2
6732,12.04.04_20_651.plx,12.04.04 Биотехнические системы и технологии,2023-2024,1763,3,2,3,2
6756,12.04.04_22_200.plx,12.04.04 Биотехнические системы и технологии,2023-2024,301,3,1,3,2
6733,12.04.04_22_651.plx,12.04.04 Биотехнические системы и технологии,2023-2024,1763,3,2,3,2
6757,12.04.04_22_702.plx,12.04.04 Биотехнические системы и технологии,2023-2024,301,3,1,3,2
6758,12.04.04_22_703.plx,12.04.04 Биотехнические системы и технологии,2023-2024,301,3,1,3,2
6759,12.04.04_22_704.plx,12.04.04 Биотехнические системы и технологии,2023-2024,301,3,1,3,2
6760,12.04.04_22_709.plx,12.04.04 Биотехнические системы и технологии,2023-2024,301,31,1,3,2
6770,12.04.04_23_200.plx,12.04.04 Биотехнические системы и технологии,2023-2024,301,3,1,3,2
6747,12.04.04_23_651.plx,12.04.04 Биотехнические системы и технологии,2023-2024,1763,3,2,3,2
6771,12.04.04_23_700.plx,"12.04.04 Биотехнические системы и технологии
(Biotechnical Systems and Technologies)",2023-2024,301,3,1,3,2
6772,12.04.04_23_702.plx,12.04.04 Биотехнические системы и технологии,2023-2024,301,3,1,3,2
6773,12.04.04_23_703.plx,12.04.04 Биотехнические системы и технологии,2023-2024,301,3,1,3,2
6774,12.04.04_23_704.plx,12.04.04 Биотехнические системы и технологии,2023-2024,301,3,1,3,2
6775,12.04.04_23_709.plx,12.04.04 Биотехнические системы и технологии,2023-2024,301,31,1,3,2
6615,13.03.02_19_942.plx,13.03.02 Электроэнергетика и электротехника,2023-2024,1755,23,3,2,5
6559,13.03.02_20_341.plx,13.03.02 Электроэнергетика и электротехника,2023-2024,410,37,1,2,4
6560,13.03.02_20_342.plx,13.03.02 Электроэнергетика и электротехника,2023-2024,410,23,1,2,4
6561,13.03.02_20_343.plx,13.03.02 Электроэнергетика и электротехника,2023-2024,410,25,1,2,4
6562,13.03.02_20_346.plx,13.03.02 Электроэнергетика и электротехника,2023-2024,410,23,1,2,4
6616,13.03.02_20_942.plx,13.03.02 Электроэнергетика и электротехника,2023-2024,1755,23,3,2,5
6563,13.03.02_21_341.plx,13.03.02 Электроэнергетика и электротехника,2023-2024,410,37,1,2,4
6564,13.03.02_21_342.plx,13.03.02 Электроэнергетика и электротехника,2023-2024,410,23,1,2,4
6565,13.03.02_21_343.plx,13.03.02 Электроэнергетика и электротехника,2023-2024,410,25,1,2,4
6566,13.03.02_21_346.plx,13.03.02 Электроэнергетика и электротехника,2023-2024,410,23,1,2,4
6617,13.03.02_21_942.plx,13.03.02 Электроэнергетика и электротехника,2023-2024,1755,23,3,2,5
6575,13.03.02_22_341.plx,13.03.02 Электроэнергетика и электротехника,2023-2024,410,37,1,2,4
6576,13.03.02_22_342.plx,13.03.02 Электроэнергетика и электротехника,2023-2024,410,23,1,2,4
6577,13.03.02_22_343.plx,13.03.02 Электроэнергетика и электротехника,2023-2024,410,25,1,2,4
6578,13.03.02_22_346.plx,13.03.02 Электроэнергетика и электротехника,2023-2024,410,23,1,2,4
6618,13.03.02_22_942.plx,13.03.02 Электроэнергетика и электротехника,2023-2024,1755,23,3,2,5
6890,13.03.02_23_141.plx,13.03.02 Электроэнергетика и электротехника,2023-2024,410,37,1,2,4
6878,13.03.02_23_340.plx,13.03.02 Электроэнергетика и электротехника,2023-2024,410,37,1,2,4
6583,13.03.02_23_341.plx,13.03.02 Электроэнергетика и электротехника,2023-2024,410,37,1,2,4
6584,13.03.02_23_342.plx,13.03.02 Электроэнергетика и электротехника,2023-2024,410,23,1,2,4
6585,13.03.02_23_343.plx,13.03.02 Электроэнергетика и электротехника,2023-2024,410,25,1,2,4
6586,13.03.02_23_346.plx,13.03.02 Электроэнергетика и электротехника,2023-2024,410,23,1,2,4
6609,13.04.02_21_641.plx,13.04.02 Электроэнергетика и электротехника,2023-2024,1757,23,2,3,2
6610,13.04.02_21_649.plx,13.04.02 Электроэнергетика и электротехника,2023-2024,1757,29,2,3,2
6613,13.04.02_22_641.plx,13.04.02 Электроэнергетика и электротехника,2023-2024,1757,23,2,3,2
6614,13.04.02_22_649.plx,13.04.02 Электроэнергетика и электротехника,2023-2024,1757,29,2,3,2
6591,13.04.02_22_740.plx,"13.04.02 Электроэнергетика и электротехника 
(Electric Power and Electrical Engineering)",2023-2024,403,37,1,3,2
6592,13.04.02_22_741.plx,13.04.02 Электроэнергетика и электротехника,2023-2024,403,37,1,3,2
6593,13.04.02_22_744.plx,13.04.02 Электроэнергетика и электротехника,2023-2024,403,23,1,3,2
6594,13.04.02_22_748.plx,13.04.02 Электроэнергетика и электротехника,2023-2024,403,25,1,3,2
6595,13.04.02_22_749.plx,13.04.02 Электроэнергетика и электротехника,2023-2024,403,29,1,3,2
6611,13.04.02_23_641.plx,13.04.02 Электроэнергетика и электротехника,2023-2024,1757,23,2,3,2
6612,13.04.02_23_649.plx,13.04.02 Электроэнергетика и электротехника,2023-2024,1757,29,2,3,2
6600,13.04.02_23_740.plx,"13.04.02 Электроэнергетика и электротехника 
(Electric Power and Electrical Engineering)",2023-2024,403,37,1,3,2
6601,13.04.02_23_741.plx,13.04.02 Электроэнергетика и электротехника,2023-2024,403,37,1,3,2
6602,13.04.02_23_744.plx,13.04.02 Электроэнергетика и электротехника,2023-2024,403,23,1,3,2
6603,13.04.02_23_748.plx,13.04.02 Электроэнергетика и электротехника,2023-2024,403,25,1,3,2
6604,13.04.02_23_749.plx,13.04.02 Электроэнергетика и электротехника,2023-2024,403,29,1,3,2
6567,15.03.06_20_397.plx,15.03.06 Мехатроника и робототехника,2023-2024,1768,25,1,2,4
6850,15.03.06_20_398.plx,15.03.06 Мехатроника и робототехника,2023-2024,1768,25,1,2,4
6568,15.03.06_21_397.plx,15.03.06 Мехатроника и робототехника,2023-2024,1768,25,1,2,4
6579,15.03.06_22_397.plx,15.03.06 Мехатроника и робототехника,2023-2024,1768,25,1,2,4
6587,15.03.06_23_397.plx,15.03.06 Мехатроника и робототехника,2023-2024,1768,25,1,2,4
5639,15.04.06_22_287.plx,15.04.06 Мехатроника и робототехника,2023-2024,1805,25,1,3,2
6729,20.03.01_20_357.plx,20.03.01 Техносферная безопасность,2023-2024,294,7,1,2,4
6740,20.03.01_22_357.plx,20.03.01 Техносферная безопасность,2023-2024,294,7,1,2,4
7128,20.03.01_23_157.plx,20.03.01 Техносферная безопасность,2023-2024,294,7,1,2,4
6746,20.03.01_23_357.plx,20.03.01 Техносферная безопасность,2023-2024,294,7,1,2,4
6761,20.04.01_22_777.plx,20.04.01 Техносферная безопасность,2023-2024,1666,7,1,3,2
6776,20.04.01_23_777.plx,20.04.01 Техносферная безопасность,2023-2024,1666,7,1,3,2
6493,27.03.02_20_361.plx,27.03.02 Управление качеством,2023-2024,1722,15,1,2,4
6494,27.03.02_21_361.plx,27.03.02 Управление качеством,2023-2024,1722,15,1,2,4
6497,27.03.02_22_361.plx,27.03.02 Управление качеством,2023-2024,1722,15,1,2,4
6499,27.03.02_23_361.plx,27.03.02 Управление качеством,2023-2024,1722,15,1,2,4
6705,27.03.03_20_336.plx,27.03.03 Системный анализ и управление,2023-2024,368,2,1,2,4
6706,27.03.03_21_336.plx,27.03.03 Системный анализ и управление,2023-2024,368,2,1,2,4
6799,27.03.03_22_336.plx,27.03.03 Системный анализ и управление,2023-2024,368,2,1,2,4
6788,27.03.03_23_336.plx,27.03.03 Системный анализ и управление,2023-2024,368,2,1,2,4
6718,27.03.04_19_931.plx,27.03.04 Управление в технических системах,2023-2024,1744,1,3,2,5
6719,27.03.04_19_982.plx,27.03.04 Управление в технических системах,2023-2024,1751,1,2,2,5
6707,27.03.04_20_339.plx,27.03.04 Управление в технических системах,2023-2024,357,1,1,2,4
6569,27.03.04_20_391.plx,27.03.04 Управление в технических системах,2023-2024,413,25,1,2,4
6570,27.03.04_20_392.plx,27.03.04 Управление в технических системах,2023-2024,413,25,1,2,4
6571,27.03.04_20_393.plx,27.03.04 Управление в технических системах,2023-2024,413,12,1,2,4
6851,27.03.04_20_394.plx,27.03.04 Управление в технических системах,2023-2024,413,25,1,2,4
6720,27.03.04_20_931.plx,27.03.04 Управление в технических системах,2023-2024,1744,1,3,2,5
6721,27.03.04_20_982.plx,27.03.04 Управление в технических системах,2023-2024,1751,1,2,2,5
6708,27.03.04_21_339.plx,27.03.04 Управление в технических системах,2023-2024,357,1,1,2,4
6572,27.03.04_21_391.plx,27.03.04 Управление в технических системах,2023-2024,413,25,1,2,4
6573,27.03.04_21_392.plx,27.03.04 Управление в технических системах,2023-2024,413,25,1,2,4
6574,27.03.04_21_393.plx,27.03.04 Управление в технических системах,2023-2024,413,12,1,2,4
6722,27.03.04_21_931.plx,27.03.04 Управление в технических системах,2023-2024,1744,1,3,2,5
6723,27.03.04_21_982.plx,27.03.04 Управление в технических системах,2023-2024,1751,1,2,2,5
6800,27.03.04_22_339.plx,27.03.04 Управление в технических системах,2023-2024,357,1,1,2,4
6580,27.03.04_22_391.plx,27.03.04 Управление в технических системах,2023-2024,413,25,1,2,4
6581,27.03.04_22_392.plx,27.03.04 Управление в технических системах,2023-2024,413,25,1,2,4
6582,27.03.04_22_393.plx,27.03.04 Управление в технических системах,2023-2024,413,12,1,2,4
6856,27.03.04_22_931.plx,27.03.04 Управление в технических системах,2023-2024,1744,1,3,2,5
6855,27.03.04_22_982.plx,27.03.04 Управление в технических системах,2023-2024,1751,1,2,2,4
6891,27.03.04_23_191.plx,27.03.04 Управление в технических системах,2023-2024,413,25,1,2,4
6789,27.03.04_23_339.plx,27.03.04 Управление в технических системах,2023-2024,357,1,1,2,4
6588,27.03.04_23_391.plx,27.03.04 Управление в технических системах,2023-2024,413,25,1,2,4
6589,27.03.04_23_392.plx,27.03.04 Управление в технических системах,2023-2024,413,25,1,2,4
6590,27.03.04_23_393.plx,27.03.04 Управление в технических системах,2023-2024,413,12,1,2,4
6853,27.03.04_23_982.plx,27.03.04 Управление в технических системах,2023-2024,1751,1,2,2,5
6495,27.03.05_20_366.plx,27.03.05 Инноватика,2023-2024,1725,8,1,2,4
6496,27.03.05_21_366.plx,27.03.05 Инноватика,2023-2024,1725,8,1,2,4
6498,27.03.05_22_366.plx,27.03.05 Инноватика,2023-2024,1725,8,1,2,4
6500,27.03.05_23_366.plx,27.03.05 Инноватика,2023-2024,1725,8,1,2,4
6501,27.04.02_22_762.plx,27.04.02 Управление качеством,2023-2024,1724,15,1,3,2
6507,27.04.02_23_762.plx,27.04.02 Управление качеством,2023-2024,1724,15,1,3,2
6822,27.04.03_22_506.plx,27.04.03 Системный анализ и управление,2023-2024,482,2,1,3,2
6845,27.04.03_23_506.plx,27.04.03 Системный анализ и управление,2023-2024,482,2,1,3,2
6823,27.04.04_22_570 .plx,27.04.04 Управление в технических системах,2023-2024,397,1,1,3,2
6596,27.04.04_22_790.plx,27.04.04 Управление в технических системах,2023-2024,406,25,1,3,2
6597,27.04.04_22_791.plx,27.04.04 Управление в технических системах,2023-2024,406,25,1,3,2
7162,27.04.04_22_791р.plx,27.04.04 Управление в технических системах,2023-2024,406,25,1,3,2
6598,27.04.04_22_794.plx,27.04.04 Управление в технических системах,2023-2024,406,12,1,3,2
6599,27.04.04_22_797.plx,27.04.04 Управление в технических системах,2023-2024,406,25,1,3,2
6846,27.04.04_23_570 .plx,27.04.04 Управление в технических системах,2023-2024,397,1,1,3,2
6605,27.04.04_23_790.plx,27.04.04 Управление в технических системах,2023-2024,406,25,1,3,2
6606,27.04.04_23_791.plx,27.04.04 Управление в технических системах,2023-2024,406,25,1,3,2
7161,27.04.04_23_791р.plx,27.04.04 Управление в технических системах,2023-2024,406,25,1,3,2
6607,27.04.04_23_794.plx,27.04.04 Управление в технических системах,2023-2024,406,12,1,3,2
6608,27.04.04_23_797.plx,27.04.04 Управление в технических системах,2023-2024,406,25,1,3,2
6502,27.04.05_22_766.plx,27.04.05 Инноватика,2023-2024,1667,8,1,3,2
6503,27.04.05_22_767.plx,27.04.05 Инноватика,2023-2024,1667,8,1,3,2
6504,27.04.05_22_769.plx,"27.04.05 Инноватика
(Innovation)",2023-2024,1667,8,1,3,2
6508,27.04.05_23_766.plx,27.04.05 Инноватика,2023-2024,1667,8,1,3,2
6509,27.04.05_23_767.plx,27.04.05 Инноватика,2023-2024,1667,8,1,3,2
6510,27.04.05_23_769.plx,"27.04.05 Инноватика
(Innovation)",2023-2024,1667,8,1,3,2
6625,28.03.01_20_382.plx,28.03.01 Нанотехнологии и микросистемная техника,2023-2024,319,17,1,2,4
7136,28.03.01_21_382.plx,28.03.01 Нанотехнологии и микросистемная техника,2023-2024,319,17,1,2,4
6632,28.03.01_22_382.plx,28.03.01 Нанотехнологии и микросистемная техника,2023-2024,319,17,1,2,4
6639,28.03.01_23_382.plx,28.03.01 Нанотехнологии и микросистемная техника,2023-2024,319,17,1,2,4
6651,28.04.01_22_755.plx,28.04.01 Нанотехнологии и микросистемная техника,2023-2024,441,17,1,3,2
6652,28.04.01_22_756.plx,28.04.01 Нанотехнологии и микросистемная техника,2023-2024,441,17,1,3,2
6664,28.04.01_23_755.plx,28.04.01 Нанотехнологии и микросистемная техника,2023-2024,441,17,1,3,2
6665,28.04.01_23_756.plx,28.04.01 Нанотехнологии и микросистемная техника,2023-2024,441,17,1,3,2
6272,38.03.02_23_363.plx,38.03.02 Менеджмент,2023-2024,1920,19,1,2,4
6505,38.04.02_22_763.plx,38.04.02 Менеджмент,2023-2024,1802,19,1,3,2
6506,38.04.02_22_764.plx,38.04.02 Менеджмент,2023-2024,1802,15,1,3,2
6511,38.04.02_23_763.plx,38.04.02 Менеджмент,2023-2024,1802,19,1,3,2
6512,38.04.02_23_764.plx,38.04.02 Менеджмент,2023-2024,1802,15,1,3,2
6276,38.04.02_23_765.plx,38.04.02 Менеджмент,2023-2024,1802,15,1,3,2
6277,38.04.02_23_768.plx,38.04.02 Менеджмент,2023-2024,1802,44,1,3,2
6675,42.03.01_19_973.plx,42.03.01 Реклама и связи с общественностью,2023-2024,1731,26,3,2,5
6670,42.03.01_20_371.plx,42.03.01 Реклама и связи с общественностью,2023-2024,350,26,1,2,4
6777,42.03.01_21_371.plx,42.03.01 Реклама и связи с общественностью,2023-2024,350,26,1,2,4
6683,42.03.01_22_371.plx,42.03.01 Реклама и связи с общественностью,2023-2024,350,26,1,2,4
6676,42.03.01_22_973.plx,42.03.01 Реклама и связи с общественностью,2023-2024,1731,26,3,2,5
6686,42.03.01_23_371.plx,42.03.01 Реклама и связи с общественностью,2023-2024,350,26,1,2,4
6677,42.04.01_22_771.plx,42.04.01 Реклама и связи с общественностью,2023-2024,1669,26,1,3,2
6678,42.04.01_22_773.plx,42.04.01 Реклама и связи с общественностью,2023-2024,1669,26,1,3,2
7153,42.04.01_22_773с.plx,42.04.01 Реклама и связи с общественностью,2023-2024,1669,26,1,3,2
6680,42.04.01_23_771.plx,42.04.01 Реклама и связи с общественностью,2023-2024,1669,26,1,3,2
6681,42.04.01_23_773.plx,42.04.01 Реклама и связи с общественностью,2023-2024,1669,26,1,3,2
6671,45.03.02_20_373.plx,45.03.02 Лингвистика,2023-2024,351,9,1,2,4
6672,45.03.02_20_374.plx,45.03.02 Лингвистика,2023-2024,351,9,1,2,4
6673,45.03.02_21_373.plx,45.03.02 Лингвистика,2023-2024,351,9,1,2,4
6674,45.03.02_21_374.plx,45.03.02 Лингвистика,2023-2024,351,9,1,2,4
6684,45.03.02_22_373.plx,45.03.02 Лингвистика,2023-2024,351,9,1,2,4
6685,45.03.02_22_374.plx,45.03.02 Лингвистика,2023-2024,351,9,1,2,4
6687,45.03.02_23_373.plx,45.03.02 Лингвистика,2023-2024,351,9,1,2,4
6688,45.03.02_23_374.plx,45.03.02 Лингвистика,2023-2024,351,9,1,2,4
6679,45.04.02_22_772.plx,45.04.02 Лингвистика,2023-2024,1668,9,1,3,2
6682,45.04.02_23_772.plx,45.04.02 Лингвистика,2023-2024,1668,9,1,3,2
